<?xml version="1.0" encoding="UTF-8"?>
<configuration>
  	
  	<appender name="fileLog" class="ch.qos.logback.core.rolling.RollingFileAppender">   
        <rollingPolicy class="ch.qos.logback.core.rolling.TimeBasedRollingPolicy">
            <FileNamePattern>e:/tmp/product.log.%d{yyyy-MM-dd}.log</FileNamePattern>   
            <MaxHistory>30</MaxHistory>
        </rollingPolicy>   
        <layout class="ch.qos.logback.classic.PatternLayout">  
            <pattern>%-20(%d{yyyy-MM-dd HH:mm:ss.SSS} [%thread]) %-5level %logger{80} - %msg%n</pattern> 
        </layout> 
        <triggeringPolicy class="ch.qos.logback.core.rolling.SizeBasedTriggeringPolicy">
          <MaxFileSize>10MB</MaxFileSize>
        </triggeringPolicy>
    </appender>
  
	<appender name="consoleLog" class="ch.qos.logback.core.ConsoleAppender">
		<layout class="ch.qos.logback.classic.PatternLayout">
			<pattern>%-20(%d{yyyy-MM-dd HH:mm:ss.SSS} [%thread]) %-5level %logger{80} - %msg%n</pattern>
		</layout>
	</appender>

	<root level="info">
		<appender-ref ref="consoleLog" />
		<appender-ref ref="fileLog" />
	</root>
	
</configuration>